<?xml version="1.0" encoding="UTF-8" standalone="yes"?>
<addon id="plugin.video.AnWizard18"
	   name="[COLOR purple][B]AnWizard-18[/COLOR][/B]"
	   version="1.0.1"
	   provider-name="Anabel">
  <requires>
    <import addon="xbmc.python" version="2.1.0"/>
  </requires>
  <extension point="xbmc.python.pluginsource" library="default.py">
        <provides>executable</provides>
  </extension>
  <extension point="xbmc.addon.metadata">
    <summary>Wizard</summary>
    <description>Wizard exclusivo para kodi 18</description>
    <platform>all</platform>
  </extension>
</addon>
